order_id,customer_id,payment,order_date,delivery_date
1,64,30811,8/30/2021,09/24/2021
2,473,50490,2/3/2021,02/13/2021
3,774,46763,10/8/2021,11/03/2021
4,433,39782,5/6/2021,05/19/2021
5,441,14719,3/23/2021,03/24/2021
6,800,16197,9/9/2021,10/05/2021
7,626,37666,4/5/2021,04/11/2021
8,58,28484,4/12/2021,05/01/2021
9,852,12896,5/1/2021,05/11/2021
10,659,21922,10/15/2021,10/16/2021
11,785,36624,6/15/2021,06/30/2021
12,120,55507,6/30/2021,07/11/2021
13,204,57810,10/15/2021,10/31/2021
14,957,21270,3/29/2021,04/12/2021
15,468,15488,9/22/2021,10/08/2021
16,564,36479,7/7/2021,07/08/2021
17,614,51822,2/9/2021,02/11/2021
18,299,22902,1/1/2021,01/03/2021
19,513,56754,8/30/2021,09/10/2021
20,789,45129,1/13/2021,01/20/2021
21,124,11261,4/4/2021,04/17/2021
22,180,36088,5/28/2021,06/09/2021
23,652,45711,5/17/2021,05/22/2021
24,469,14566,9/4/2021,09/20/2021
25,562,47075,7/4/2021,07/08/2021
26,732,15964,4/25/2021,05/04/2021
27,443,35513,5/16/2021,05/28/2021
28,206,29968,8/19/2021,09/04/2021
29,993,57645,3/22/2021,03/28/2021
30,260,59350,7/7/2021,07/26/2021
31,727,15722,3/11/2021,04/05/2021
32,627,24976,6/17/2021,07/14/2021
33,588,52945,7/1/2021,07/07/2021
34,412,36244,5/23/2021,05/30/2021
35,358,49665,8/31/2021,09/07/2021
36,51,32494,8/22/2021,09/04/2021
37,78,53949,7/7/2021,07/18/2021
38,809,46219,2/3/2021,02/19/2021
39,466,23990,2/26/2021,03/20/2021
40,86,56657,1/7/2021,01/19/2021
41,790,53386,1/3/2021,01/09/2021
42,690,33993,7/29/2021,08/02/2021
43,570,22839,7/13/2021,08/03/2021
44,849,17071,9/7/2021,09/22/2021
45,571,21738,5/30/2021,06/21/2021
46,922,25378,6/22/2021,07/04/2021
47,791,35453,4/21/2021,04/23/2021
48,620,31712,4/16/2021,04/23/2021
49,336,24219,1/22/2021,02/13/2021
50,454,50310,9/16/2021,09/18/2021
51,399,18423,2/19/2021,02/26/2021
52,493,32155,10/6/2021,10/29/2021
53,528,10517,4/22/2021,05/02/2021
54,195,13681,4/25/2021,05/17/2021
55,873,55650,4/8/2021,04/25/2021
56,587,17149,1/23/2021,02/18/2021
57,163,41495,2/27/2021,03/13/2021
58,332,42861,2/2/2021,02/10/2021
59,843,21858,1/31/2021,02/27/2021
60,301,31491,2/5/2021,02/28/2021
61,158,42290,4/16/2021,04/28/2021
62,93,37952,7/30/2021,08/13/2021
63,556,27577,2/11/2021,03/08/2021
64,167,23668,1/24/2021,02/15/2021
65,388,22051,6/26/2021,07/22/2021
66,631,42774,8/14/2021,08/22/2021
67,504,52694,5/22/2021,06/17/2021
68,180,20552,2/12/2021,02/18/2021
69,96,40619,3/8/2021,03/28/2021
70,802,11279,5/15/2021,05/26/2021
71,795,20283,2/14/2021,02/16/2021
72,610,40072,3/13/2021,03/16/2021
73,965,16715,7/24/2021,08/19/2021
74,391,39655,2/23/2021,02/27/2021
75,68,16667,8/24/2021,09/15/2021
76,470,22762,6/18/2021,06/26/2021
77,680,56675,4/19/2021,04/29/2021
78,681,58179,5/13/2021,05/29/2021
79,236,54340,3/16/2021,03/25/2021
80,872,59554,4/26/2021,05/20/2021
81,736,30150,6/13/2021,06/15/2021
82,927,32502,2/2/2021,02/27/2021
83,537,39729,6/25/2021,07/01/2021
84,181,43438,8/26/2021,09/20/2021
85,251,43533,3/10/2021,03/22/2021
86,874,27045,8/5/2021,08/11/2021
87,325,32961,6/20/2021,07/16/2021
88,567,10904,7/19/2021,08/15/2021
89,448,29268,10/22/2021,11/16/2021
90,809,11475,6/13/2021,07/07/2021
91,803,16601,9/2/2021,09/15/2021
92,273,37239,1/12/2021,01/30/2021
93,908,52379,10/22/2021,11/11/2021
94,629,47031,3/8/2021,03/26/2021
95,413,52416,1/25/2021,02/05/2021
96,415,12119,6/20/2021,06/30/2021
97,106,17772,3/29/2021,03/31/2021
98,257,44700,4/29/2021,05/08/2021
99,291,26787,9/13/2021,09/25/2021
100,817,57063,3/30/2021,04/16/2021
101,807,25174,1/31/2021,02/27/2021
102,846,41382,5/7/2021,05/26/2021
103,209,49852,6/16/2021,06/24/2021
104,366,11454,6/5/2021,06/23/2021
105,456,46013,6/25/2021,07/14/2021
106,573,12033,3/9/2021,03/28/2021
107,127,58760,1/11/2021,02/03/2021
108,935,52439,3/7/2021,03/28/2021
109,554,12707,4/6/2021,04/29/2021
110,607,15385,9/2/2021,09/06/2021
111,794,34096,3/30/2021,04/14/2021
112,75,46956,2/4/2021,02/17/2021
113,565,49592,3/19/2021,04/08/2021
114,160,49686,8/8/2021,09/02/2021
115,492,12685,4/11/2021,04/22/2021
116,510,15397,4/25/2021,05/20/2021
117,971,58134,1/8/2021,01/23/2021
118,639,37950,2/20/2021,02/22/2021
119,545,19955,4/29/2021,05/06/2021
120,585,53001,6/9/2021,06/14/2021
121,549,27436,4/21/2021,04/23/2021
122,732,29226,4/13/2021,05/04/2021
123,471,17133,3/4/2021,03/22/2021
124,776,43888,7/6/2021,07/15/2021
125,321,29600,10/22/2021,11/03/2021
126,326,29536,1/31/2021,02/20/2021
127,51,43262,4/1/2021,04/11/2021
128,936,17661,10/13/2021,11/09/2021
129,428,42185,5/24/2021,05/27/2021
130,439,12827,6/20/2021,07/15/2021
131,629,52850,9/20/2021,09/24/2021
132,562,10396,4/17/2021,05/01/2021
133,878,43759,7/7/2021,07/17/2021
134,12,39451,6/19/2021,07/01/2021
135,942,53723,5/15/2021,06/02/2021
136,539,35331,9/6/2021,09/08/2021
137,298,58875,10/18/2021,10/20/2021
138,331,50666,2/5/2021,02/10/2021
139,871,11224,6/15/2021,06/28/2021
140,539,35025,4/8/2021,04/13/2021
141,528,40203,8/26/2021,09/13/2021
142,237,53165,6/15/2021,07/12/2021
143,828,37187,2/8/2021,02/11/2021
144,928,15762,5/22/2021,05/28/2021
145,871,26358,2/2/2021,02/10/2021
146,912,22750,8/30/2021,09/26/2021
147,818,20690,9/28/2021,10/16/2021
148,573,14073,1/14/2021,01/24/2021
149,500,31490,3/3/2021,03/14/2021
150,462,34428,6/22/2021,06/27/2021
151,357,24626,8/8/2021,09/01/2021
152,320,24866,3/9/2021,03/12/2021
153,727,49677,10/21/2021,11/17/2021
154,674,49994,10/17/2021,11/07/2021
155,834,11166,6/30/2021,07/18/2021
156,727,37878,7/10/2021,07/29/2021
157,909,17955,4/7/2021,04/17/2021
158,828,14010,7/13/2021,08/04/2021
159,208,12449,9/5/2021,09/13/2021
160,725,41442,7/31/2021,08/06/2021
161,566,45840,3/22/2021,04/11/2021
162,431,20238,4/25/2021,05/05/2021
163,84,11473,6/12/2021,06/17/2021
164,412,26249,5/21/2021,06/03/2021
165,389,28345,6/23/2021,07/20/2021
166,113,11914,7/11/2021,07/14/2021
167,595,44269,6/26/2021,07/18/2021
168,664,51244,1/10/2021,01/27/2021
169,996,22089,3/9/2021,03/12/2021
170,867,28597,8/17/2021,09/03/2021
171,443,19467,9/14/2021,09/16/2021
172,224,47514,1/5/2021,01/27/2021
173,435,30001,6/6/2021,07/01/2021
174,497,46769,2/22/2021,03/17/2021
175,309,57197,3/22/2021,04/16/2021
176,574,28185,9/26/2021,10/04/2021
177,315,11314,8/20/2021,09/01/2021
178,236,31542,2/2/2021,02/08/2021
179,161,52081,6/10/2021,06/27/2021
180,469,14617,5/29/2021,06/22/2021
181,241,23142,1/29/2021,02/13/2021
182,461,33720,2/22/2021,03/04/2021
183,715,51587,10/6/2021,10/12/2021
184,240,48997,9/15/2021,09/29/2021
185,945,46608,4/6/2021,04/20/2021
186,833,24061,9/26/2021,10/14/2021
187,401,15167,1/10/2021,01/19/2021
188,571,41180,4/10/2021,04/22/2021
189,586,41543,7/17/2021,08/08/2021
190,421,28420,2/1/2021,02/17/2021
191,18,31002,1/22/2021,02/15/2021
192,842,30614,2/6/2021,02/19/2021
193,846,54256,6/6/2021,06/07/2021
194,415,21994,10/23/2021,11/03/2021
195,92,41725,4/13/2021,04/17/2021
196,630,48990,10/22/2021,11/16/2021
197,110,23619,4/30/2021,05/01/2021
198,640,29627,8/31/2021,09/13/2021
199,206,58054,5/17/2021,05/18/2021
200,15,50335,8/24/2021,09/07/2021
201,325,56321,5/26/2021,06/18/2021
202,129,49559,4/15/2021,04/22/2021
203,369,40129,6/21/2021,07/11/2021
204,568,35005,9/30/2021,10/10/2021
205,267,23779,2/3/2021,02/04/2021
206,654,24189,6/1/2021,06/16/2021
207,644,57755,9/25/2021,09/28/2021
208,28,39533,10/10/2021,10/15/2021
209,292,36341,5/8/2021,05/20/2021
210,723,21903,7/22/2021,08/18/2021
211,515,37122,5/9/2021,05/17/2021
212,62,29887,10/14/2021,11/08/2021
213,678,37684,9/14/2021,09/27/2021
214,288,25179,6/20/2021,07/09/2021
215,526,27531,8/10/2021,08/20/2021
216,865,56745,4/16/2021,05/04/2021
217,234,47120,7/18/2021,07/31/2021
218,606,22309,7/12/2021,07/20/2021
219,667,14137,1/5/2021,01/10/2021
220,555,23957,10/10/2021,10/25/2021
221,473,49366,8/3/2021,08/17/2021
222,368,28754,9/8/2021,10/05/2021
223,657,13441,3/23/2021,03/30/2021
224,628,20293,7/7/2021,08/02/2021
225,664,27059,10/4/2021,10/26/2021
226,28,44799,7/9/2021,07/23/2021
227,406,36809,10/23/2021,11/19/2021
228,773,10857,1/6/2021,01/17/2021
229,107,15827,10/8/2021,10/20/2021
230,497,54581,8/31/2021,09/18/2021
231,731,58824,3/20/2021,04/09/2021
232,256,44567,5/2/2021,05/16/2021
233,996,29939,9/3/2021,09/19/2021
234,133,26314,9/18/2021,10/10/2021
235,767,23434,9/28/2021,10/12/2021
236,228,49109,7/15/2021,08/08/2021
237,829,20267,3/16/2021,04/06/2021
238,328,59828,3/17/2021,03/27/2021
239,530,45974,10/13/2021,11/02/2021
240,578,37612,1/27/2021,02/01/2021
241,401,33692,7/22/2021,08/17/2021
242,909,12202,8/25/2021,09/13/2021
243,263,31631,7/6/2021,07/11/2021
244,637,18966,9/2/2021,09/09/2021
245,191,49443,5/6/2021,05/10/2021
246,641,39230,6/19/2021,07/16/2021
247,68,39513,10/19/2021,11/12/2021
248,457,29329,1/15/2021,01/20/2021
249,86,47181,5/13/2021,05/26/2021
250,518,18564,3/26/2021,04/03/2021
251,433,30132,7/31/2021,08/27/2021
252,683,11465,1/11/2021,02/05/2021
253,179,38502,9/10/2021,10/02/2021
254,571,57662,8/7/2021,09/03/2021
255,605,16272,9/26/2021,10/15/2021
256,313,15452,8/9/2021,08/12/2021
257,914,43972,2/12/2021,03/02/2021
258,742,38266,10/21/2021,11/13/2021
259,878,47527,8/16/2021,09/07/2021
260,317,56068,7/13/2021,07/25/2021
261,250,55396,2/6/2021,03/01/2021
262,812,55461,5/22/2021,05/24/2021
263,372,12599,6/19/2021,07/08/2021
264,636,55537,6/13/2021,06/18/2021
265,189,40896,7/4/2021,07/29/2021
266,623,58746,3/10/2021,03/20/2021
267,34,44791,9/11/2021,09/12/2021
268,530,57006,3/16/2021,04/10/2021
269,89,21446,2/5/2021,02/22/2021
270,711,14024,3/2/2021,03/27/2021
271,469,39282,6/7/2021,06/09/2021
272,92,19661,1/20/2021,01/31/2021
273,828,13233,10/7/2021,11/03/2021
274,19,50173,4/13/2021,04/27/2021
275,329,17666,1/5/2021,01/15/2021
276,775,48376,6/20/2021,06/24/2021
277,659,48337,4/5/2021,04/06/2021
278,510,19930,1/30/2021,02/13/2021
279,620,51563,7/25/2021,07/28/2021
280,551,20352,1/7/2021,01/08/2021
281,489,19908,7/3/2021,07/15/2021
282,423,41504,3/30/2021,04/18/2021
283,303,14784,9/4/2021,09/15/2021
284,522,36627,4/29/2021,05/16/2021
285,882,41206,9/25/2021,10/20/2021
286,998,18840,1/5/2021,01/08/2021
287,799,10368,9/9/2021,10/03/2021
288,201,36160,10/13/2021,10/16/2021
289,977,10046,1/26/2021,02/16/2021
290,364,48707,8/1/2021,08/16/2021
291,112,50830,1/12/2021,02/05/2021
292,337,36699,3/26/2021,04/04/2021
293,426,32389,8/5/2021,08/13/2021
294,499,50667,8/28/2021,09/15/2021
295,412,55019,3/5/2021,03/19/2021
296,207,47076,10/22/2021,10/25/2021
297,256,23789,6/15/2021,06/27/2021
298,58,55984,9/11/2021,09/20/2021
299,994,58159,1/12/2021,02/03/2021
300,912,47255,9/30/2021,10/25/2021
301,535,12986,6/21/2021,06/25/2021
302,156,32298,6/19/2021,07/07/2021
303,758,58670,9/2/2021,09/11/2021
304,537,27293,4/10/2021,05/03/2021
305,234,13377,7/9/2021,07/26/2021
306,747,51492,10/16/2021,10/19/2021
307,679,17726,10/11/2021,10/28/2021
308,549,18834,2/13/2021,03/08/2021
309,390,26229,1/7/2021,01/25/2021
310,348,18372,4/25/2021,05/15/2021
311,807,21226,3/7/2021,03/25/2021
312,683,38591,7/6/2021,07/31/2021
313,266,24507,6/2/2021,06/11/2021
314,95,49262,8/14/2021,08/17/2021
315,239,18075,4/5/2021,04/25/2021
316,179,59876,9/12/2021,09/20/2021
317,876,18204,4/23/2021,04/26/2021
318,433,39332,1/31/2021,02/17/2021
319,933,29837,8/22/2021,09/16/2021
320,41,19693,8/22/2021,09/12/2021
321,833,36589,8/26/2021,08/31/2021
322,686,41400,8/17/2021,09/12/2021
323,852,11437,3/23/2021,04/13/2021
324,99,10411,7/5/2021,07/16/2021
325,318,18010,5/11/2021,05/28/2021
326,199,15380,6/22/2021,07/01/2021
327,710,11611,7/28/2021,07/31/2021
328,246,26653,4/14/2021,05/08/2021
329,820,58708,4/30/2021,05/24/2021
330,887,31700,3/12/2021,04/08/2021
331,414,38796,3/18/2021,03/23/2021
332,466,12799,3/13/2021,03/14/2021
333,367,21091,10/18/2021,11/09/2021
334,539,32277,5/12/2021,05/23/2021
335,485,51638,9/30/2021,10/24/2021
336,615,16829,5/25/2021,05/28/2021
337,341,49047,8/2/2021,08/04/2021
338,630,12762,1/26/2021,02/13/2021
339,409,15556,4/6/2021,04/13/2021
340,841,56172,7/17/2021,08/13/2021
341,602,13882,2/7/2021,02/09/2021
342,348,29452,8/24/2021,09/08/2021
343,673,37831,9/17/2021,10/06/2021
344,526,44938,8/16/2021,09/06/2021
345,711,17146,2/14/2021,03/05/2021
346,739,35045,3/23/2021,04/06/2021
347,209,18829,5/29/2021,06/14/2021
348,732,42741,10/7/2021,10/28/2021
349,847,36910,4/13/2021,04/29/2021
350,869,49770,2/14/2021,03/02/2021
351,478,37332,5/2/2021,05/04/2021
352,52,13270,10/8/2021,10/10/2021
353,774,46198,3/30/2021,04/05/2021
354,18,33908,2/26/2021,03/08/2021
355,46,33100,4/14/2021,04/24/2021
356,236,34259,4/1/2021,04/15/2021
357,70,30735,2/8/2021,02/13/2021
358,796,41343,4/7/2021,04/12/2021
359,661,47911,5/16/2021,05/31/2021
360,870,45309,8/3/2021,08/08/2021
361,988,18831,2/6/2021,02/25/2021
362,96,21601,9/30/2021,10/07/2021
363,882,57405,1/25/2021,02/21/2021
364,925,25525,3/13/2021,04/03/2021
365,485,37396,4/14/2021,04/25/2021
366,334,43210,7/15/2021,07/30/2021
367,181,35564,2/20/2021,03/19/2021
368,556,15258,9/2/2021,09/21/2021
369,729,24488,3/26/2021,04/18/2021
370,986,53990,1/22/2021,02/11/2021
371,727,28931,8/29/2021,09/15/2021
372,991,51705,3/14/2021,03/19/2021
373,581,25727,3/13/2021,04/03/2021
374,981,25047,6/5/2021,06/20/2021
375,655,19991,1/20/2021,01/26/2021
376,571,15454,7/4/2021,07/17/2021
377,21,24815,5/19/2021,05/28/2021
378,623,37922,9/29/2021,10/25/2021
379,467,15378,2/13/2021,02/15/2021
380,75,13269,3/22/2021,03/28/2021
381,258,36550,4/11/2021,05/03/2021
382,791,24647,5/4/2021,05/15/2021
383,469,36564,9/8/2021,09/14/2021
384,709,39383,5/27/2021,06/22/2021
385,146,43155,8/8/2021,08/24/2021
386,458,34948,2/14/2021,03/03/2021
387,341,34491,6/11/2021,06/14/2021
388,601,34341,2/12/2021,02/17/2021
389,643,42818,4/20/2021,04/23/2021
390,206,57651,1/20/2021,01/24/2021
391,726,24661,5/16/2021,06/06/2021
392,840,32036,1/12/2021,01/25/2021
393,803,24994,5/6/2021,05/27/2021
394,508,18584,9/6/2021,09/10/2021
395,728,24101,3/26/2021,04/02/2021
396,461,57491,2/26/2021,03/03/2021
397,446,33872,2/3/2021,02/22/2021
398,13,31626,9/28/2021,10/13/2021
399,331,57278,10/21/2021,10/30/2021
400,907,44904,7/2/2021,07/25/2021
401,94,24512,8/14/2021,08/24/2021
402,537,26681,3/9/2021,04/04/2021
403,980,17088,9/16/2021,09/25/2021
404,998,45215,3/3/2021,03/09/2021
405,493,51471,8/9/2021,08/12/2021
406,892,35512,7/25/2021,08/18/2021
407,835,42595,1/9/2021,01/20/2021
408,404,39757,1/30/2021,02/15/2021
409,206,15453,5/3/2021,05/11/2021
410,47,14296,8/4/2021,08/09/2021
411,771,38909,3/17/2021,04/08/2021
412,427,25520,9/23/2021,10/13/2021
413,589,35487,10/17/2021,10/31/2021
414,212,57052,1/2/2021,01/03/2021
415,947,35686,7/14/2021,07/19/2021
416,129,37878,10/8/2021,10/25/2021
417,729,45024,9/14/2021,10/11/2021
418,918,55376,8/24/2021,09/15/2021
419,745,19518,10/20/2021,11/10/2021
420,482,25541,2/22/2021,03/19/2021
421,691,24273,9/28/2021,10/09/2021
422,375,48025,3/16/2021,03/26/2021
423,507,34107,6/12/2021,06/21/2021
424,551,58723,3/13/2021,03/18/2021
425,606,12705,2/21/2021,03/17/2021
426,776,32793,9/26/2021,10/16/2021
427,282,20082,1/27/2021,02/10/2021
428,431,48629,2/24/2021,03/23/2021
429,754,23238,2/8/2021,02/22/2021
430,155,49272,2/8/2021,03/01/2021
431,325,35804,4/25/2021,05/09/2021
432,20,37821,10/20/2021,11/03/2021
433,419,32215,8/18/2021,09/02/2021
434,940,42284,5/11/2021,06/01/2021
435,886,56764,2/17/2021,02/22/2021
436,739,47040,8/17/2021,09/10/2021
437,269,42857,8/25/2021,09/05/2021
438,989,51250,5/22/2021,05/31/2021
439,286,15329,8/24/2021,09/06/2021
440,553,14884,10/9/2021,10/30/2021
441,726,13419,2/28/2021,03/02/2021
442,693,58324,3/24/2021,03/30/2021
443,966,10043,3/9/2021,03/27/2021
444,383,33452,3/7/2021,03/26/2021
445,893,27329,7/7/2021,07/27/2021
446,283,19398,3/26/2021,03/30/2021
447,100,59708,1/10/2021,01/23/2021
448,185,16486,8/20/2021,08/31/2021
449,163,56294,10/23/2021,11/09/2021
450,648,12078,4/30/2021,05/05/2021
451,566,29859,8/25/2021,09/06/2021
452,123,50557,10/9/2021,10/22/2021
453,371,53761,8/13/2021,08/22/2021
454,441,40423,3/29/2021,04/12/2021
455,1,24550,4/4/2021,04/06/2021
456,450,53893,6/28/2021,07/20/2021
457,490,52472,3/4/2021,03/12/2021
458,757,13142,10/21/2021,11/10/2021
459,853,24079,6/18/2021,07/06/2021
460,250,29924,6/7/2021,06/17/2021
461,244,53553,2/14/2021,02/19/2021
462,769,44429,1/31/2021,02/20/2021
463,641,19206,3/16/2021,04/09/2021
464,103,26925,6/29/2021,07/25/2021
465,7,48935,5/21/2021,05/23/2021
466,628,11363,6/10/2021,07/05/2021
467,102,23636,2/24/2021,03/10/2021
468,238,56092,4/15/2021,04/17/2021
469,907,25333,4/27/2021,05/04/2021
470,810,18707,9/11/2021,10/04/2021
471,282,56849,7/8/2021,07/10/2021
472,85,44735,7/15/2021,07/29/2021
473,61,36137,5/19/2021,06/12/2021
474,571,17401,8/19/2021,09/09/2021
475,696,36229,5/27/2021,06/01/2021
476,757,42157,10/7/2021,11/02/2021
477,97,37504,6/20/2021,06/26/2021
478,452,17279,10/15/2021,10/23/2021
479,51,18796,6/27/2021,07/16/2021
480,180,38248,7/15/2021,08/05/2021
481,227,17525,8/20/2021,09/12/2021
482,111,59910,8/3/2021,08/09/2021
483,742,26333,3/15/2021,03/20/2021
484,926,26887,5/5/2021,05/31/2021
485,969,49699,1/8/2021,01/28/2021
486,643,10132,4/27/2021,05/08/2021
487,926,21220,1/9/2021,02/05/2021
488,638,52570,10/1/2021,10/26/2021
489,77,28578,8/30/2021,09/21/2021
490,816,11291,9/15/2021,09/29/2021
491,783,10074,2/24/2021,03/18/2021
492,568,49046,7/24/2021,08/07/2021
493,895,42647,4/24/2021,05/03/2021
494,740,37675,7/31/2021,08/15/2021
495,352,41706,8/10/2021,08/19/2021
496,574,32782,6/17/2021,06/27/2021
497,900,29655,7/7/2021,07/09/2021
498,647,23201,7/15/2021,07/23/2021
499,690,52749,10/24/2021,10/26/2021
500,571,41037,1/15/2021,01/24/2021
501,706,41180,2/16/2021,02/25/2021
502,485,57115,2/18/2021,03/07/2021
503,937,43249,8/19/2021,09/05/2021
504,192,57782,1/13/2021,02/08/2021
505,737,37947,8/17/2021,08/27/2021
506,648,18355,9/11/2021,09/27/2021
507,58,29761,6/20/2021,07/11/2021
508,834,42640,7/17/2021,08/01/2021
509,676,20368,1/2/2021,01/25/2021
510,125,47242,9/29/2021,10/01/2021
511,282,43667,8/22/2021,09/12/2021
512,223,21235,10/13/2021,11/05/2021
513,950,49647,5/24/2021,06/04/2021
514,740,13918,7/12/2021,07/22/2021
515,23,20627,5/23/2021,06/13/2021
516,506,20934,5/21/2021,05/26/2021
517,797,37440,6/23/2021,06/30/2021
518,196,28347,6/3/2021,06/18/2021
519,244,23212,8/23/2021,09/12/2021
520,679,13400,2/4/2021,03/01/2021
521,382,35247,3/17/2021,03/31/2021
522,761,35937,3/19/2021,04/05/2021
523,516,17584,4/25/2021,05/18/2021
524,60,28334,7/21/2021,08/01/2021
525,986,32747,9/25/2021,10/20/2021
526,55,10434,5/16/2021,05/22/2021
527,79,16864,9/13/2021,10/09/2021
528,343,56020,9/16/2021,10/07/2021
529,767,31199,1/10/2021,01/19/2021
530,467,20275,1/7/2021,01/23/2021
531,742,26445,1/14/2021,02/08/2021
532,523,11590,9/8/2021,09/20/2021
533,558,28560,6/4/2021,06/09/2021
534,49,31586,9/23/2021,09/26/2021
535,585,23905,1/25/2021,02/07/2021
536,927,21110,2/5/2021,02/21/2021
537,203,10838,2/14/2021,03/13/2021
538,754,11543,1/4/2021,01/26/2021
539,609,55906,1/3/2021,01/25/2021
540,772,37955,3/21/2021,03/30/2021
541,490,29630,8/20/2021,08/22/2021
542,282,38737,2/10/2021,02/14/2021
543,769,12692,7/28/2021,08/09/2021
544,347,14706,3/5/2021,03/14/2021
545,439,53117,6/21/2021,07/02/2021
546,664,42478,4/29/2021,05/19/2021
547,163,13784,10/19/2021,10/30/2021
548,135,19053,7/17/2021,07/26/2021
549,401,39916,6/2/2021,06/09/2021
550,26,52719,8/4/2021,08/09/2021
551,330,51823,9/16/2021,09/18/2021
552,264,14653,1/10/2021,01/17/2021
553,49,16753,3/6/2021,03/14/2021
554,842,28264,5/7/2021,05/26/2021
555,922,42350,9/3/2021,09/09/2021
556,566,40530,7/30/2021,08/01/2021
557,504,12905,4/19/2021,04/24/2021
558,729,45726,3/2/2021,03/18/2021
559,611,22094,3/3/2021,03/15/2021
560,11,41952,5/28/2021,06/05/2021
561,764,42366,2/15/2021,03/13/2021
562,632,45999,9/19/2021,10/03/2021
563,611,56965,7/4/2021,07/16/2021
564,583,16074,8/23/2021,09/19/2021
565,442,34458,2/25/2021,03/15/2021
566,614,21778,7/24/2021,08/10/2021
567,104,25661,6/21/2021,06/23/2021
568,783,49427,1/9/2021,01/22/2021
569,757,16594,3/16/2021,04/06/2021
570,81,19171,3/9/2021,03/14/2021
571,472,23645,2/2/2021,02/10/2021
572,479,34112,1/1/2021,01/06/2021
573,736,40227,1/2/2021,01/09/2021
574,434,44975,6/21/2021,07/03/2021
575,54,27420,8/14/2021,08/16/2021
576,218,12261,4/26/2021,05/05/2021
577,840,29313,2/20/2021,03/12/2021
578,926,44312,5/9/2021,05/12/2021
579,501,15623,3/28/2021,04/20/2021
580,171,26947,4/30/2021,05/09/2021
581,708,35176,5/9/2021,05/29/2021
582,783,31116,9/3/2021,09/18/2021
583,290,54787,4/7/2021,04/10/2021
584,142,37030,6/29/2021,07/01/2021
585,844,19207,3/20/2021,03/23/2021
586,998,15870,2/27/2021,03/22/2021
587,402,44323,9/8/2021,09/11/2021
588,612,13740,5/26/2021,06/20/2021
589,692,11378,6/25/2021,07/20/2021
590,898,27817,7/6/2021,07/15/2021
591,588,39095,6/18/2021,07/06/2021
592,973,15464,6/29/2021,07/07/2021
593,515,30838,2/21/2021,03/11/2021
594,711,22390,6/14/2021,06/23/2021
595,10,45626,3/9/2021,03/29/2021
596,693,51828,6/13/2021,06/27/2021
597,107,22758,8/4/2021,08/16/2021
598,638,59393,6/20/2021,07/05/2021
599,308,47972,9/23/2021,10/17/2021
600,921,19484,9/15/2021,09/16/2021
601,916,24064,6/13/2021,06/28/2021
602,987,41932,2/14/2021,03/07/2021
603,549,42922,8/30/2021,09/04/2021
604,492,21635,7/20/2021,08/13/2021
605,402,48620,8/20/2021,09/06/2021
606,692,54506,1/31/2021,02/08/2021
607,648,36692,10/19/2021,11/12/2021
608,530,31878,8/13/2021,08/15/2021
609,25,21514,4/22/2021,05/08/2021
610,735,27821,8/4/2021,08/31/2021
611,155,56937,5/1/2021,05/25/2021
612,486,31877,5/10/2021,05/12/2021
613,682,10501,5/23/2021,06/07/2021
614,732,35663,4/18/2021,05/03/2021
615,690,28680,1/31/2021,02/10/2021
616,21,28727,5/13/2021,05/14/2021
617,371,30281,8/30/2021,09/07/2021
618,882,28515,8/1/2021,08/26/2021
619,225,58688,2/25/2021,03/04/2021
620,614,41599,7/19/2021,08/01/2021
621,102,41563,7/16/2021,08/07/2021
622,587,45682,5/16/2021,06/07/2021
623,808,36530,10/20/2021,10/30/2021
624,398,20149,3/19/2021,04/08/2021
625,233,54080,7/17/2021,07/28/2021
626,348,10193,9/30/2021,10/17/2021
627,680,19664,4/3/2021,04/08/2021
628,534,20973,9/8/2021,09/28/2021
629,904,36276,8/7/2021,08/20/2021
630,644,39447,1/12/2021,01/31/2021
631,460,30101,4/14/2021,05/08/2021
632,952,44405,4/11/2021,04/17/2021
633,183,30197,7/2/2021,07/13/2021
634,327,35370,10/13/2021,10/23/2021
635,50,51943,7/15/2021,08/05/2021
636,793,23528,4/2/2021,04/07/2021
637,886,14294,8/6/2021,08/18/2021
638,548,12781,10/3/2021,10/17/2021
639,906,51950,3/30/2021,04/22/2021
640,873,11002,1/23/2021,01/26/2021
641,20,54363,3/10/2021,03/22/2021
642,835,12392,1/11/2021,01/26/2021
643,778,50321,5/18/2021,05/24/2021
644,207,52925,3/13/2021,03/22/2021
645,794,46397,8/19/2021,09/13/2021
646,369,16504,5/8/2021,05/28/2021
647,439,10912,2/6/2021,02/11/2021
648,522,43363,7/16/2021,07/19/2021
649,840,44955,7/28/2021,08/16/2021
650,739,42938,1/2/2021,01/15/2021
651,581,39199,5/22/2021,05/25/2021
652,691,30816,3/9/2021,03/27/2021
653,629,19186,2/19/2021,03/18/2021
654,417,40412,8/18/2021,08/30/2021
655,333,36298,5/25/2021,06/06/2021
656,907,19288,3/22/2021,03/23/2021
657,479,31922,7/22/2021,07/28/2021
658,201,42131,5/23/2021,06/05/2021
659,328,45445,9/30/2021,10/15/2021
660,787,48757,8/16/2021,08/25/2021
661,427,15302,9/14/2021,09/17/2021
662,924,38356,9/19/2021,09/29/2021
663,836,14469,4/9/2021,04/10/2021
664,21,11960,1/7/2021,01/20/2021
665,176,16606,3/10/2021,03/26/2021
666,456,36112,8/25/2021,09/11/2021
667,737,48958,3/23/2021,03/28/2021
668,22,40483,3/15/2021,03/30/2021
669,247,17921,6/18/2021,07/02/2021
670,1,10246,3/6/2021,04/01/2021
671,156,28194,6/22/2021,07/08/2021
672,677,59213,2/12/2021,02/25/2021
673,326,34789,2/5/2021,02/19/2021
674,300,51598,1/29/2021,02/05/2021
675,896,43080,6/5/2021,06/13/2021
676,889,52587,9/24/2021,10/11/2021
677,267,38429,7/5/2021,07/08/2021
678,711,57891,4/28/2021,05/14/2021
679,308,37006,3/5/2021,03/22/2021
680,800,43491,5/4/2021,05/22/2021
681,463,53576,10/10/2021,10/19/2021
682,454,11469,2/28/2021,03/18/2021
683,276,59748,1/1/2021,01/05/2021
684,956,36919,10/12/2021,10/17/2021
685,851,22299,8/6/2021,08/21/2021
686,799,47994,6/14/2021,06/15/2021
687,341,39406,3/30/2021,04/12/2021
688,574,55980,3/8/2021,03/29/2021
689,884,12572,10/3/2021,10/28/2021
690,941,32100,10/5/2021,10/26/2021
691,78,46697,4/3/2021,04/19/2021
692,697,13501,6/18/2021,07/05/2021
693,714,28424,4/29/2021,05/16/2021
694,634,56801,4/17/2021,05/11/2021
695,92,26374,7/1/2021,07/20/2021
696,230,50224,9/1/2021,09/27/2021
697,830,12310,7/20/2021,07/28/2021
698,821,40922,5/19/2021,06/13/2021
699,311,58950,1/29/2021,02/12/2021
700,788,55928,7/1/2021,07/26/2021
701,659,40717,8/28/2021,09/10/2021
702,310,31509,6/23/2021,07/14/2021
703,327,26168,2/7/2021,02/28/2021
704,260,45954,7/21/2021,07/27/2021
705,107,11686,1/14/2021,01/25/2021
706,844,12902,7/20/2021,07/21/2021
707,589,25153,5/12/2021,05/18/2021
708,687,56307,10/24/2021,11/10/2021
709,772,36257,6/17/2021,07/13/2021
710,134,27729,2/7/2021,02/08/2021
711,228,16935,6/22/2021,07/08/2021
712,474,11718,8/18/2021,08/29/2021
713,241,15915,7/14/2021,08/09/2021
714,50,15121,2/7/2021,02/19/2021
715,225,51678,10/19/2021,11/12/2021
716,502,32660,7/31/2021,08/26/2021
717,696,52327,3/11/2021,04/05/2021
718,665,55727,5/13/2021,05/20/2021
719,387,24377,9/19/2021,09/24/2021
720,465,33029,3/12/2021,03/23/2021
721,755,59414,8/28/2021,09/04/2021
722,401,20524,10/24/2021,11/20/2021
723,135,54098,10/3/2021,10/16/2021
724,394,14883,3/4/2021,03/28/2021
725,674,55213,9/26/2021,10/05/2021
726,447,28356,9/15/2021,10/05/2021
727,852,56021,5/1/2021,05/18/2021
728,526,10662,8/29/2021,08/30/2021
729,1,35593,2/18/2021,03/01/2021
730,88,16533,6/20/2021,07/10/2021
731,214,44433,6/21/2021,07/02/2021
732,40,40317,5/9/2021,05/29/2021
733,387,42467,5/26/2021,06/22/2021
734,623,30153,1/25/2021,01/31/2021
735,754,39820,10/3/2021,10/16/2021
736,793,26942,4/10/2021,05/03/2021
737,453,30264,5/26/2021,05/30/2021
738,144,57487,7/16/2021,08/09/2021
739,211,32122,9/14/2021,09/23/2021
740,178,58226,2/5/2021,02/10/2021
741,710,31913,2/3/2021,02/17/2021
742,750,51184,10/21/2021,11/01/2021
743,909,25854,3/25/2021,03/27/2021
744,107,23613,1/25/2021,02/14/2021
745,643,13862,3/21/2021,04/01/2021
746,445,24804,6/19/2021,06/27/2021
747,299,22099,5/11/2021,05/28/2021
748,27,49811,5/16/2021,06/06/2021
749,693,25016,9/20/2021,09/24/2021
750,758,58084,2/19/2021,03/01/2021
751,254,47650,6/20/2021,07/06/2021
752,535,46911,10/8/2021,10/12/2021
753,40,39610,2/20/2021,02/28/2021
754,778,43858,6/30/2021,07/23/2021
755,123,47937,4/11/2021,05/06/2021
756,318,23746,3/19/2021,03/29/2021
757,632,45216,6/3/2021,06/15/2021
758,781,24144,3/27/2021,04/21/2021
759,857,18160,6/6/2021,07/03/2021
760,207,14658,7/9/2021,07/11/2021
761,198,52629,10/3/2021,10/25/2021
762,83,25268,8/13/2021,08/20/2021
763,974,30436,3/18/2021,04/05/2021
764,955,46239,9/16/2021,10/04/2021
765,660,27554,1/15/2021,02/01/2021
766,929,13750,8/6/2021,08/15/2021
767,169,51648,4/28/2021,04/30/2021
768,558,34334,9/29/2021,10/16/2021
769,422,32501,9/10/2021,10/04/2021
770,868,22564,2/6/2021,02/28/2021
771,970,33204,6/6/2021,06/18/2021
772,573,32936,6/7/2021,06/27/2021
773,998,21349,7/19/2021,08/07/2021
774,416,31076,6/23/2021,07/13/2021
775,348,21561,6/11/2021,07/05/2021
776,265,44395,9/2/2021,09/27/2021
777,431,13696,1/16/2021,02/09/2021
778,42,19228,1/24/2021,02/07/2021
779,698,39836,7/7/2021,07/21/2021
780,100,37821,1/27/2021,01/29/2021
781,465,44121,8/21/2021,09/11/2021
782,872,28459,3/7/2021,03/23/2021
783,683,31824,1/17/2021,01/19/2021
784,436,45143,3/14/2021,04/04/2021
785,445,52702,3/22/2021,04/02/2021
786,472,51344,5/2/2021,05/08/2021
787,44,59055,7/18/2021,07/31/2021
788,108,18355,10/8/2021,10/13/2021
789,762,35084,10/11/2021,11/03/2021
790,187,46050,5/16/2021,05/27/2021
791,476,51003,5/5/2021,05/21/2021
792,240,13672,7/16/2021,08/12/2021
793,258,39635,1/27/2021,02/03/2021
794,418,55757,4/18/2021,05/08/2021
795,427,51672,6/7/2021,06/30/2021
796,592,18804,7/31/2021,08/06/2021
797,908,41715,7/25/2021,08/06/2021
798,825,54551,3/17/2021,04/01/2021
799,651,41626,3/11/2021,04/04/2021
800,422,20089,6/21/2021,06/23/2021
801,995,58829,8/2/2021,08/17/2021
802,501,52930,10/5/2021,10/23/2021
803,625,25565,4/3/2021,04/16/2021
804,323,18090,4/10/2021,04/21/2021
805,416,13968,10/2/2021,10/03/2021
806,684,41441,8/1/2021,08/16/2021
807,636,47092,2/17/2021,03/03/2021
808,219,50929,10/13/2021,10/30/2021
809,73,26098,2/11/2021,02/25/2021
810,768,37440,3/22/2021,04/04/2021
811,764,23731,10/22/2021,10/24/2021
812,183,51668,7/9/2021,07/13/2021
813,908,52226,8/11/2021,09/01/2021
814,664,47232,3/4/2021,03/28/2021
815,572,50066,5/2/2021,05/17/2021
816,620,32362,2/2/2021,02/06/2021
817,944,35818,6/27/2021,07/05/2021
818,865,16625,3/15/2021,04/10/2021
819,461,48601,1/19/2021,01/22/2021
820,801,33182,9/25/2021,10/03/2021
821,118,27802,1/3/2021,01/10/2021
822,524,17615,9/5/2021,09/12/2021
823,223,15928,4/29/2021,05/04/2021
824,724,51124,1/4/2021,01/28/2021
825,787,13832,1/27/2021,02/22/2021
826,375,32770,8/16/2021,09/06/2021
827,292,27202,5/9/2021,06/05/2021
828,601,32593,1/9/2021,01/27/2021
829,951,22744,4/6/2021,04/28/2021
830,956,36830,3/22/2021,03/23/2021
831,338,17700,8/4/2021,08/20/2021
832,627,52583,9/6/2021,09/27/2021
833,317,12955,3/3/2021,03/20/2021
834,139,27691,2/23/2021,03/08/2021
835,106,34923,1/2/2021,01/07/2021
836,971,16047,8/18/2021,08/24/2021
837,989,16281,1/12/2021,01/27/2021
838,946,56562,1/2/2021,01/15/2021
839,306,42095,9/16/2021,09/27/2021
840,183,50682,6/30/2021,07/08/2021
841,348,39690,6/29/2021,07/12/2021
842,310,22552,1/10/2021,01/29/2021
843,956,17717,7/3/2021,07/09/2021
844,35,34733,9/26/2021,10/18/2021
845,457,11229,4/25/2021,05/22/2021
846,515,58585,9/17/2021,10/10/2021
847,566,43999,10/19/2021,11/04/2021
848,813,18195,9/24/2021,10/14/2021
849,882,21468,8/11/2021,09/01/2021
850,254,16739,4/8/2021,04/27/2021
851,365,15504,4/23/2021,05/02/2021
852,102,42616,4/11/2021,05/08/2021
853,653,28448,9/27/2021,10/18/2021
854,680,55361,8/10/2021,08/27/2021
855,620,13177,1/26/2021,02/02/2021
856,289,35823,1/13/2021,01/22/2021
857,577,43897,9/1/2021,09/10/2021
858,987,48827,3/16/2021,03/27/2021
859,269,42679,3/26/2021,04/09/2021
860,570,18813,4/9/2021,05/04/2021
861,315,11565,5/31/2021,06/20/2021
862,984,43784,10/11/2021,10/20/2021
863,81,33163,5/10/2021,05/18/2021
864,414,48691,3/29/2021,04/17/2021
865,490,24343,7/27/2021,07/30/2021
866,88,48270,4/11/2021,04/21/2021
867,342,42248,3/23/2021,04/07/2021
868,937,43447,3/31/2021,04/03/2021
869,605,11108,9/25/2021,10/20/2021
870,647,47385,8/1/2021,08/12/2021
871,550,10888,9/24/2021,10/08/2021
872,954,43868,9/26/2021,10/14/2021
873,100,55341,4/25/2021,05/07/2021
874,557,25370,3/25/2021,04/10/2021
875,383,25336,2/26/2021,02/27/2021
876,566,52388,5/20/2021,05/24/2021
877,558,25468,7/14/2021,08/02/2021
878,470,50578,3/31/2021,04/20/2021
879,370,37561,10/11/2021,10/20/2021
880,872,43851,2/19/2021,03/16/2021
881,318,51945,2/18/2021,03/10/2021
882,821,53666,7/5/2021,07/07/2021
883,360,43729,2/27/2021,03/05/2021
884,62,54659,8/16/2021,09/08/2021
885,16,27561,10/18/2021,11/13/2021
886,898,51067,9/22/2021,10/18/2021
887,669,10969,1/27/2021,02/20/2021
888,108,38001,4/20/2021,05/03/2021
889,332,27115,7/31/2021,08/11/2021
890,649,54889,6/21/2021,07/07/2021
891,350,36118,8/12/2021,08/14/2021
892,586,21071,4/9/2021,04/11/2021
893,854,49324,3/6/2021,03/14/2021
894,1000,35622,10/11/2021,10/13/2021
895,664,56830,7/26/2021,08/15/2021
896,446,46213,3/14/2021,03/31/2021
897,278,46681,8/26/2021,09/17/2021
898,465,51868,6/30/2021,07/04/2021
899,408,32250,8/4/2021,08/14/2021
900,409,31161,7/7/2021,07/24/2021
901,305,46735,5/5/2021,05/06/2021
902,553,30330,1/12/2021,01/15/2021
903,789,21721,1/5/2021,01/21/2021
904,980,40117,3/24/2021,04/07/2021
905,439,57884,1/11/2021,01/23/2021
906,870,40632,1/21/2021,02/04/2021
907,971,26863,8/15/2021,08/17/2021
908,422,55562,3/15/2021,04/08/2021
909,465,34050,7/18/2021,08/09/2021
910,738,14581,1/27/2021,02/06/2021
911,189,58886,8/23/2021,09/06/2021
912,780,48097,8/23/2021,09/09/2021
913,597,16265,4/3/2021,04/19/2021
914,577,36771,5/9/2021,05/12/2021
915,266,49775,4/17/2021,05/04/2021
916,189,31001,10/12/2021,10/19/2021
917,750,15620,1/2/2021,01/12/2021
918,965,24379,3/7/2021,04/03/2021
919,97,53662,6/29/2021,07/21/2021
920,703,27722,7/26/2021,08/16/2021
921,418,53911,2/17/2021,02/18/2021
922,703,36995,10/10/2021,11/02/2021
923,767,28421,7/5/2021,07/26/2021
924,786,43116,4/4/2021,04/18/2021
925,272,47553,7/16/2021,08/12/2021
926,123,13634,2/8/2021,02/18/2021
927,963,24139,8/2/2021,08/06/2021
928,801,42930,10/14/2021,10/19/2021
929,397,19614,1/31/2021,02/06/2021
930,150,17581,6/22/2021,06/30/2021
931,502,12528,6/4/2021,06/19/2021
932,45,27978,8/22/2021,08/23/2021
933,595,55917,4/28/2021,05/20/2021
934,736,23252,4/3/2021,04/21/2021
935,129,16962,7/1/2021,07/16/2021
936,148,47197,7/16/2021,08/01/2021
937,72,13216,6/4/2021,06/25/2021
938,128,41631,6/12/2021,06/28/2021
939,432,24169,4/2/2021,04/21/2021
940,813,11980,9/11/2021,10/04/2021
941,662,56019,9/30/2021,10/05/2021
942,282,46279,6/9/2021,06/10/2021
943,76,26707,2/22/2021,03/14/2021
944,774,27648,7/17/2021,08/09/2021
945,54,11172,7/4/2021,07/22/2021
946,455,33414,4/20/2021,05/13/2021
947,49,47022,6/24/2021,07/02/2021
948,35,18783,8/24/2021,09/02/2021
949,244,50347,2/2/2021,02/17/2021
950,328,43066,10/16/2021,10/31/2021
951,515,28300,9/30/2021,10/23/2021
952,883,57857,8/5/2021,08/25/2021
953,733,28033,4/18/2021,04/26/2021
954,370,33703,3/28/2021,04/15/2021
955,209,30609,1/20/2021,02/05/2021
956,549,19917,5/18/2021,06/07/2021
957,740,47132,8/20/2021,08/30/2021
958,577,42170,6/21/2021,07/01/2021
959,565,10777,1/17/2021,02/10/2021
960,362,32197,9/19/2021,10/07/2021
961,717,54557,3/19/2021,04/15/2021
962,657,49485,2/9/2021,02/18/2021
963,108,18632,6/18/2021,07/14/2021
964,367,22258,7/8/2021,07/16/2021
965,69,14014,7/24/2021,07/29/2021
966,639,28100,2/25/2021,03/10/2021
967,306,32010,10/11/2021,11/07/2021
968,765,32223,3/14/2021,04/03/2021
969,639,23565,5/22/2021,05/25/2021
970,382,36941,1/4/2021,01/23/2021
971,272,40173,8/26/2021,09/12/2021
972,117,10698,7/22/2021,08/08/2021
973,232,49214,9/4/2021,09/24/2021
974,221,17928,1/22/2021,02/18/2021
975,316,28211,1/18/2021,01/30/2021
976,778,11014,10/15/2021,11/04/2021
977,463,19220,4/23/2021,05/06/2021
978,827,24589,4/24/2021,05/18/2021
979,813,31437,4/7/2021,04/21/2021
980,84,57728,10/19/2021,11/14/2021
981,830,37730,10/2/2021,10/12/2021
982,123,33286,3/30/2021,04/07/2021
983,677,49941,7/12/2021,07/14/2021
984,359,10390,9/23/2021,09/30/2021
985,581,59558,2/7/2021,02/09/2021
986,116,13431,8/2/2021,08/15/2021
987,247,30215,7/13/2021,08/09/2021
988,496,27204,2/4/2021,02/16/2021
989,595,27217,1/6/2021,01/29/2021
990,87,40306,8/17/2021,09/06/2021
991,493,17535,1/9/2021,01/16/2021
992,770,53679,7/23/2021,08/14/2021
993,268,33479,3/29/2021,04/11/2021
994,920,59074,7/15/2021,07/17/2021
995,15,43588,4/14/2021,04/28/2021
996,345,37843,1/13/2021,02/02/2021
997,346,53831,1/18/2021,01/31/2021
998,407,53308,5/5/2021,05/21/2021
999,428,31643,6/15/2021,07/12/2021
1000,896,27836,4/7/2021,04/24/2021